"","value"
"1","online dating"
"2","love"
"3","Dating apps"
"4","Bumble"
"5","Hinge"
"6","date from home"
"7","sex"
"8","hugging"
"9","kissing"
"10","hookups"
"11","Relationship"
"12","Video dating"
"13","Intimacy"
"14","Romance"
"15","Match"
"16","Date ideas"
"17","Outdoor dates"
"18","Netflix party"
"19","Virtual movie night"
"20","Groupwatch"
"21","free online dating"
"22","online dating sites"
"23","dating sites"
"24","best online dating"
"25","dating site"
"26","online dating site"
"27","online dating apps"
"28","dating apps"
"29","dating sites free online"
"30","free dating sites"
"31","online dating app"
"32","dating app"
"33","free dating site"
"34","free online dating site"
"35","best dating sites"
"36","online dating profile"
"37","best online dating sites"
"38","what is online dating"
"39","reddit online dating"
"40","tinder"
"41","tinder online"
"42","online dating questions"
"43","online chat"
"44","online dating games"
"45","online games"
"46","stop online dating roblox id"
"47","online dating during covid"
"48","victoria hearts online dating"
"49","no online dating roblox id"
"50","online dating during coronavirus"
"51","online gay dating site crossword"
"52","best online dating apps 2018"
"53","dating online u999u666"
"54","not online dating roblox id"
"55","totally free online dating sites over 50"
"56","online dating protector"
"57","roblox online dating"
"58","reddit online dating"
"59","bumble"
"60","bumble online dating"
"61","bumble dating"
"62","hinge dating app"
"63","online dating questions to ask him"
"64","christiandatingforfree"
"65","hinge"
"66","best online dating apps"
"67","best dating apps"
"68","make friends online not dating"
"69","best online dating sites 2017"
"70","how to meet someone without online dating"
"71","free online dating"
"72","online dating sites"
"73","dating sites"
"74","best online dating"
"75","dating site"
"76","online dating site"
"77","online dating apps"
"78","dating apps"
"79","dating sites free online"
"80","free dating sites"
"81","online dating app"
"82","dating app"
"83","free dating site"
"84","free online dating site"
"85","best dating sites"
"86","online dating profile"
"87","best online dating sites"
"88","what is online dating"
"89","reddit online dating"
"90","tinder"
"91","tinder online"
"92","online dating questions"
"93","online chat"
"94","online dating games"
"95","online games"
"96","stop online dating roblox id"
"97","online dating during covid"
"98","victoria hearts online dating"
"99","no online dating roblox id"
"100","online dating during coronavirus"
"101","online gay dating site crossword"
"102","best online dating apps 2018"
"103","dating online u999u666"
"104","not online dating roblox id"
"105","totally free online dating sites over 50"
"106","online dating protector"
"107","roblox online dating"
"108","reddit online dating"
"109","bumble"
"110","bumble online dating"
"111","bumble dating"
"112","hinge dating app"
"113","online dating questions to ask him"
"114","christiandatingforfree"
"115","hinge"
"116","best online dating apps"
"117","best dating apps"
"118","make friends online not dating"
"119","best online dating sites 2017"
"120","how to meet someone without online dating"
"121","love you"
"122","love is"
"123","i love you"
"124","love lyrics"
"125","my love"
"126","love quotes"
"127","love song"
"128","love songs"
"129","what is love"
"130","love island"
"131","one love"
"132","love life"
"133","love story"
"134","i love it"
"135","love and hip hop"
"136","love languages"
"137","love movies"
"138","love is blind"
"139","love language"
"140","love song lyrics"
"141","love meme"
"142","big love"
"143","quotes about love"
"144","love yourself"
"145","love definition"
"146","love after lockup"
"147","thor love and thunder"
"148","love island usa"
"149","love death and robots"
"150","kiki do you love me"
"151","love island uk"
"152","love is blind season 2"
"153","keke do you love me"
"154","love and marriage huntsville"
"155","double shot at love"
"156","love is blind cast"
"157","i love you 3000"
"158","love simon cast"
"159","love wedding repeat"
"160","bad at love lyrics"
"161","reckless love chords"
"162","love shack fancy"
"163","reckless love lyrics"
"164","love galore lyrics"
"165","sylvies love"
"166","lose you to love me lyrics"
"167","reckless love"
"168","redeeming love movie"
"169","love after lockup cast"
"170","love and hip hop miami"
"171","best dating apps"
"172","free dating apps"
"173","apps for dating"
"174","dating app"
"175","best apps for dating"
"176","gay dating apps"
"177","best free dating apps"
"178","dating sites"
"179","lesbian dating apps"
"180","top dating apps"
"181","tinder"
"182","tinder dating apps"
"183","online dating apps"
"184","online dating"
"185","dating apps 2020"
"186","dating apps 2021"
"187","best dating app"
"188","dating apps for free"
"189","popular dating apps"
"190","bumble dating"
"191","bumble"
"192","bumble dating apps"
"193","good dating apps"
"194","dating site"
"195","dating apps 2019"
"196","dating apps 2021"
"197","dating apps 2019"
"198","best dating apps 2021"
"199","best dating apps 2020"
"200","best dating apps 2019"
"201","dating apps 2020"
"202","best dating apps 2022"
"203","dating apps 2022"
"204","free dating apps 2020"
"205","dating apps 2018"
"206","best dating apps 2018"
"207","free dating apps 2019"
"208","free dating apps 2021"
"209","top dating apps 2021"
"210","best free dating apps 2020"
"211","best free dating apps 2019"
"212","best free dating apps 2021"
"213","top dating apps 2019"
"214","best free dating apps 2018"
"215","best gay dating apps 2020"
"216","yubo"
"217","new dating apps 2021"
"218","top dating apps 2020"
"219","top dating apps 2022"
"220","best gay dating apps 2019"
"221","bumble bee"
"222","bee"
"223","bumble and bumble"
"224","the bumble"
"225","bees"
"226","bumble bees"
"227","bumble app"
"228","bumble dating"
"229","tinder"
"230","what is bumble"
"231","bumblebee"
"232","bumble bees sting"
"233","bumble profile"
"234","match"
"235","bumble shampoo"
"236","bumble bumble shampoo"
"237","do bumble bees sting"
"238","bumble bff"
"239","bumble location"
"240","bumble stock"
"241","bumble swipe"
"242","bumble and bumble shampoo"
"243","bumble dating app"
"244","bumble bee tuna"
"245","bumble reddit"
"246","bumble superswipe"
"247","bumble nums"
"248","bumble ipo"
"249","bumble travel mode"
"250","bumble bizz"
"251","bumble spotlight"
"252","bumble ipo date"
"253","bumble stock price"
"254","bumble boost settlement"
"255","bumble stock"
"256","whitney wolfe herd"
"257","bumble blurb crossword clue"
"258","bumble boost free trial"
"259","hinge vs bumble"
"260","does bumble have read receipts"
"261","cancel bumble subscription"
"262","hinge"
"263","bumble openers"
"264","bumble reddit"
"265","bumble location"
"266","bumble date"
"267","how to cancel bumble"
"268","bumble premium"
"269","how to cancel bumble subscription"
"270","bumble bios"
"271","hinge door"
"272","hinge on"
"273","hinges"
"274","the hinge"
"275","hinge app"
"276","hinge dating"
"277","cabinet hinge"
"278","hinge pin"
"279","what is hinge"
"280","dating app hinge"
"281","door hinges"
"282","spring hinge"
"283","hinge joint"
"284","gate hinge"
"285","piano hinge"
"286","pivot hinge"
"287","pivot"
"288","door hinge pin"
"289","cabinet hinges"
"290","cabinet door hinge"
"291","reddit hinge"
"292","overlay hinge"
"293","blum"
"294","hinge jig"
"295","hinge pins"
"296","how many likes on hinge"
"297","hinge prompts"
"298","hinge most compatible"
"299","funny hinge answers"
"300","hinge prompt answers"
"301","best hinge prompts"
"302","hinge standouts"
"303","hinge likes per day"
"304","best hinge answers"
"305","hinge preferred member"
"306","how many likes do you get on hinge"
"307","good hinge answers"
"308","funny hinge prompts"
"309","does hinge notify screenshots"
"310","gold hinge skirt"
"311","how many likes a day on hinge"
"312","is hinge a good dating app"
"313","reddit hinge"
"314","hinge date meaning"
"315","hinge screenshot"
"316","hinge vs bumble"
"317","does hinge have read receipts"
"318","does hinge show screenshots"
"319","hinge health"
"320","best time to boost on hinge"
"321","far from home"
"322","far from home date"
"323","far from home release date"
"324","spider"
"325","spider far from home"
"326","spider man"
"327","spider man far from home"
"328","spider man far from home date"
"329","spider far from home release date"
"330","spider man release"
"331","spider man release date far from home"
"332","spider man release date"
"333","spider man far from home release"
"334","spiderman"
"335","far from home spiderman"
"336","spiderman far from home date"
"337","spiderman release date"
"338","spiderman far from home release date"
"339","far from home dvd release date"
"340","spider-man"
"341","spider man far from home dvd"
"342","spider man far from home dvd date"
"343","spider-man far from home"
"344","spider man dvd release date"
"345","spider man far from home dvd release"
"346","spider man far from home"
"347","spider man far from home date"
"348","spider far from home release date"
"349","spider man release date far from home"
"350","spider man far from home release"
"351","far from home spiderman"
"352","spiderman far from home date"
"353","spiderman far from home release date"
"354","far from home dvd release date"
"355","spider-man"
"356","spider man far from home dvd"
"357","spider man far from home dvd date"
"358","spider-man far from home"
"359","spider man dvd release date"
"360","spider man far from home dvd release"
"361","spider man far from home dvd release date"
"362","spider-man far from home release date"
"363","far from home trailer release date"
"364","spider man movie"
"365","endgame"
"366","endgame release date"
"367","spider man far from home movie release date"
"368","spider man movies"
"369","spider man far from home trailer"
"370","spider man far from home trailer release date"
"371","sex videos"
"372","sex porn"
"373","having sex"
"374","video sex"
"375","free sex"
"376","gay sex"
"377","girl sex"
"378","sex tape"
"379","sex hot"
"380","black sex"
"381","anal sex"
"382","sex offender"
"383","lesbian sex"
"384","mom sex"
"385","sex stories"
"386","teen sex"
"387","sex toys"
"388","sex movies"
"389","sex xxx"
"390","sex movie"
"391","oral sex"
"392","naked sex"
"393","pussy sex"
"394","pussy"
"395","sex positions"
"396","fortnite sex"
"397","sex education cast"
"398","gacha sex"
"399","on the basis of sex"
"400","who invented sex dolls"
"401","sex education season 3"
"402","sex education netflix series"
"403","sex education season 2"
"404","sex stores near me locations"
"405","rose sex toy"
"406","asap rocky sex tape"
"407","kevin hart sex tape"
"408","daft sex"
"409","black chyna sex tape"
"410","adult store near me"
"411","who made sex dolls"
"412","cigarettes after sex"
"413","sex stores near me"
"414","blac chyna sex tape"
"415","sex store near me"
"416","sex shop near me"
"417","sex toys near me"
"418","blac chyna"
"419","sex mex"
"420","registered sex offenders near me"
"421","hugging you"
"422","people hugging"
"423","hugging gif"
"424","hug"
"425","kissing"
"426","anime hugging"
"427","trump hugging"
"428","dog hugging dog"
"429","dog hugging"
"430","hugging drawing"
"431","couple hugging"
"432","hugging meme"
"433","kissing and hugging"
"434","girls hugging"
"435","bear hugging"
"436","hugging emoji"
"437","girl hugging boy"
"438","hugging face"
"439","hugging cat"
"440","hugging day"
"441","friends hugging"
"442","hugging cartoon"
"443","hugging pictures"
"444","tree hugging"
"445","heart"
"446","kobe hugging gigi"
"447","kermit hugging phone"
"448","was kobe hugging gianna"
"449","can you get covid from hugging"
"450","hugging during covid"
"451","kermit hugging phone meme"
"452","quadruplets hugging"
"453","can you get covid from hugging someone"
"454","national take a picture hugging day"
"455","girl scouts hugging"
"456","hugging you tom rosenthal"
"457","national hugging day 2020"
"458","national hugging day 2019"
"459","hugging and a kissing dancing and a loving"
"460","ash hugging goodra"
"461","kobe body after the crash"
"462","national hugging day 2021"
"463","can you get covid by hugging someone"
"464","national hugging day 2018"
"465","national hugging day 2022"
"466","kobe bryant funeral"
"467","trump hugging"
"468","hugging emoji"
"469","hugging meme"
"470","hugging face"
"471","kissing booth"
"472","the kissing booth"
"473","kissing you"
"474","kissing girls"
"475","kissing booth 2"
"476","girl kissing"
"477","girl kissing girl"
"478","kissing bug"
"479","kiss"
"480","kissing booth cast"
"481","kissing booth 3"
"482","gay kissing"
"483","hot kissing"
"484","the kissing booth 2"
"485","kissing gif"
"486","boys kissing boys"
"487","boys kissing"
"488","people kissing"
"489","kissing videos"
"490","joey king"
"491","women kissing women"
"492","sexy kissing"
"493","men kissing"
"494","women kissing"
"495","jacob elordi"
"496","jacob elordi"
"497","kissing booth cast"
"498","noah kissing booth"
"499","the kissing booth cast"
"500","kissing booth 2"
"501","the kissing booth 2"
"502","the kissing booth noah"
"503","joey king"
"504","kissing booth netflix"
"505","the kissing booth netflix"
"506","kissing booth 2 release"
"507","kissing booth 2 cast"
"508","kissing booth 3"
"509","kissing booth 2 release date"
"510","noah from kissing booth"
"511","the kissing booth 3"
"512","joey king height"
"513","kissing booth trailer"
"514","joey king and jacob elordi"
"515","taylor zakhar perez"
"516","marco kissing booth 2"
"517","jacob elordi height"
"518","cast of kissing booth"
"519","the kissing booth movie"
"520","jacob elordi age"
"521","rv hookups"
"522","craigslist hookups"
"523","hookup"
"524","hookups near me"
"525","tinder"
"526","tinder hookups"
"527","washer and dryer"
"528","washer and dryer hookups"
"529","find hookups"
"530","app for hookups"
"531","hookups apps"
"532","tinder for hookups"
"533","apps for hookups"
"534","facebook hookups"
"535","best app for hookups"
"536","hook ups"
"537","online hookups"
"538","sites for hookups"
"539","rv hookups near me"
"540","hookups skateboards"
"541","grindr hookups"
"542","grindr"
"543","how to find hookups"
"544","hookup sites"
"545","hookups meaning"
"546","sniffles where hookups happen"
"547","doublelist"
"548","sniffles.com where hookups happen"
"549","bedpage"
"550","sniffies"
"551","zoom hookups login"
"552","casualx"
"553","what replaced craigslist for hookups"
"554","4chan pol"
"555","hookups near me now"
"556","forbidden hookups"
"557","zoom hookups"
"558","is hinge for hookups"
"559","locanto"
"560","hookups near me"
"561","best app for hookups reddit"
"562","apartments with washer and dryer hookups near me"
"563","instant hookups review"
"564","rv hookups near me"
"565","find hookups near me"
"566","hookups skateboards"
"567","best app for hookups"
"568","app for hookups"
"569","apps for hookups"
"570","hookups apps"
"571","in a relationship"
"572","what is a relationship"
"573","relationship quotes"
"574","relationship definition"
"575","new relationship"
"576","relationships"
"577","relationship meaning"
"578","distance relationship"
"579","good relationship"
"580","how to be in a relationship"
"581","what does relationship mean"
"582","long distance relationship"
"583","toxic relationship"
"584","abusive relationship"
"585","open relationship"
"586","definition of relationship"
"587","reddit relationship"
"588","relationship goals"
"589","relationship help"
"590","relationship questions"
"591","healthy relationship"
"592","relationship memes"
"593","symbiotic relationship"
"594","symbiotic"
"595","relationship advice"
"596","enm relationship"
"597","young thug relationship"
"598","take your last relationship look how good you treated him lyrics"
"599","lady gaga and bradley cooper relationship"
"600","toxic relationship meaning"
"601","gaslighting in relationship"
"602","reddit relationship advice"
"603","karmic relationship"
"604","jaden smith relationship"
"605","poly relationship meaning"
"606","gaslighting in a relationship"
"607","what is a toxic relationship"
"608","relationship therapist near me"
"609","r relationship advice"
"610","relationship counseling near me"
"611","toxic relationship quotes"
"612","lana rhoades and logan paul relationship"
"613","what is a poly relationship"
"614","what does toxic mean in a relationship"
"615","polyamorous relationship rules"
"616","toxic relationship signs"
"617","signs of a toxic relationship"
"618","constant of proportionality"
"619","open relationship meaning"
"620","customer relationship management system for small business"
"621","video dating app"
"622","dating app"
"623","video chat"
"624","dating chat"
"625","dating game"
"626","dating sites"
"627","video dating sites"
"628","online dating"
"629","dating apps"
"630","dating site"
"631","video games"
"632","youtube video"
"633","videos"
"634","video date"
"635","facebook dating"
"636","video chat app"
"637","prime video"
"638","amazon video"
"639","google video"
"640","free dating sites"
"641","funny dating video"
"642","dating in 2018 video"
"643","shawn mendes and camila cabello dating"
"644","steven morris dating video"
"645","senorita video"
"646","dating in 2018 video"
"647","senorita video"
"648","senorita music video"
"649","joe alwyn"
"650","lady gaga and bradley cooper dating"
"651","pee wee herman dating game video"
"652","dalton gomez"
"653","dua lipa dating"
"654","sniffles dating"
"655","lucky crush"
"656","information about patterns of sexual behavior among the mangaia and the dani helps us see that"
"657","thank you next music video"
"658","what is the problem with depending on the media as a source for sexual attitudes and information?"
"659","is ariana grande dating a girl"
"660","interracial dating central"
"661","how did masters and johnson collect data used to detail human sexual response?"
"662","luke is addicted to video games. he downloads treasure quests games, car racing games, and war games that involve violence. most of these games also portray sexual images. which of the following images is luke most likely to view in such games?"
"663","which principles of relative dating did you use to answer the previous question?"
"664","shawn mendes and camila cabello dating"
"665","steven morris dating video"
"666","are shawn mendes and camila cabello dating"
"667","steven morris"
"668","hinge dating app"
"669","random video call"
"670","zoey deutch"
"671","intimacy definition"
"672","what is intimacy"
"673","marriage"
"674","love"
"675","emotional intimacy"
"676","sexual intimacy"
"677","intimacy in relationship"
"678","intimacy in marriage"
"679","intimacy meaning"
"680","fear of intimacy"
"681","isolation"
"682","intimacy issues"
"683","intimacy in a relationship"
"684","physical intimacy"
"685","no intimacy"
"686","what does intimacy"
"687","intimate"
"688","isolation vs intimacy"
"689","lack of intimacy"
"690","definition of intimacy"
"691","define intimacy"
"692","intimacy questions"
"693","intimacy with god"
"694","intimacy in relationships"
"695","what does intimacy mean"
"696","obey me intimacy"
"697","best self intimacy deck"
"698","passion dust intimacy capsules"
"699","intimacy directors international"
"700","intimacy deck questions"
"701","intimacy coach near me"
"702","unfuck your intimacy"
"703","foria intimacy"
"704","intimacy after endometrial ablation"
"705","intimacy deck"
"706","intimacy coordinator"
"707","cbd intimacy oil"
"708","intimacy card games"
"709","6 pillars of intimacy"
"710","fierce intimacy"
"711","euphemistic"
"712","platonic intimacy meaning"
"713","intimacy store near me"
"714","sexual intimacy meaning"
"715","intimacy director"
"716","6 intimacy skills"
"717","public intimacy meaning"
"718","define affinity"
"719","intimacy cards"
"720","how many dates before intimacy"
"721","romance movies"
"722","pure romance"
"723","chemical romance"
"724","my chemical romance"
"725","romance books"
"726","romance novels"
"727","romance anime"
"728","romance movie"
"729","true romance"
"730","bad romance"
"731","best romance movies"
"732","netflix romance movies"
"733","teen romance"
"734","romance movies on netflix"
"735","best romance books"
"736","romance manga"
"737","secret romance"
"738","mass effect romance"
"739","cyberpunk romance"
"740","best romance novels"
"741","romance languages"
"742","good movies"
"743","good romance movies"
"744","romance animes"
"745","bad romance lyrics"
"746","romance is a bonus book"
"747","cyberpunk romance"
"748","cyberpunk 2077 romance"
"749","cyberpunk judy romance"
"750","cyberpunk romance options"
"751","romance movies 2019"
"752","romance movies 2018"
"753","cyberpunk panam romance"
"754","ac valhalla romance"
"755","romance at reindeer lodge"
"756","cyberpunk 2077 romance options"
"757","fire emblem three houses"
"758","fire emblem three houses romance"
"759","royal romance book 3"
"760","sun sand and romance"
"761","paris wine and romance"
"762","panam romance guide"
"763","outer worlds romance"
"764","cyberpunk 2077 judy romance"
"765","freaking romance"
"766","the romance of tiger and rose"
"767","harry and meghan a royal romance"
"768","love romance and chocolate"
"769","the royal romance book 2"
"770","roadhouse romance"
"771","the match"
"772","price match"
"773","color match"
"774","match game"
"775","be the match"
"776","match login"
"777","excel match"
"778","first match"
"779","index match match"
"780","index match"
"781","boxing match"
"782","mix and match"
"783","match day"
"784","perfect match"
"785","card match"
"786","tennis match"
"787","regex"
"788","foundation match"
"789","best buy price match"
"790","match search"
"791","match group"
"792","target price match"
"793","walmart price match"
"794","match app"
"795","cricket match"
"796","google arts and culture"
"797","google arts and culture face match"
"798","tiger phil match"
"799","the match 2021"
"800","mixed match challenge"
"801","the match tiger vs phil"
"802","circle k scratch and match"
"803","wwe mixed match challenge"
"804","google face match"
"805","dell match play 2018"
"806","dell match play 2021"
"807","boxing match feb 22"
"808","wgc match play 2018"
"809","the match champions for charity"
"810","a merry christmas match"
"811","why are you a great match for this role"
"812","tft match history"
"813","maxis match cc"
"814","dell technologies match play"
"815","sims 4 maxis match cc"
"816","walther q5 match"
"817","world cup 2018 next match"
"818","ohoopee match club"
"819","boneyard match"
"820","bein match"
"821","date night ideas"
"822","date night"
"823","date ideas near me"
"824","fun date ideas"
"825","first date ideas"
"826","things to do"
"827","best date ideas"
"828","date night in ideas"
"829","cute date ideas"
"830","day date ideas"
"831","date night ideas near me"
"832","good date ideas"
"833","romantic date ideas"
"834","cheap date ideas"
"835","dates"
"836","couples date ideas"
"837","ideas for date night"
"838","at home date ideas"
"839","dinner ideas"
"840","dinner date ideas"
"841","fun date night ideas"
"842","fun date ideas near me"
"843","winter date ideas"
"844","date ideas for couples"
"845","covid date ideas"
"846","covid date ideas"
"847","date ideas during covid"
"848","quarantine date ideas"
"849","date ideas during quarantine"
"850","axe throwing"
"851","covid date night ideas"
"852","quarantine date night ideas"
"853","axe throwing near me"
"854","first date ideas during covid"
"855","date night ideas during covid"
"856","fun date ideas during covid"
"857","pandemic date ideas"
"858","social distancing date ideas"
"859","date night ideas during quarantine"
"860","first date ideas during quarantine"
"861","virtual date ideas"
"862","escape room near me"
"863","escape rooms near me"
"864","virtual date night ideas"
"865","date night ideas near me"
"866","zoom date ideas"
"867","things to do near me"
"868","cute date ideas near me"
"869","escape room"
"870","fun date night ideas near me"
"871","fun outdoor dates"
"872","fun dates"
"873","outdoor date ideas"
"874","outdoor retailer"
"875","outdoor activities"
"876","outdoor movies"
"877","cute outdoor dates"
"878","outdoor furniture"
"879","outside dates"
"880","outdoor retailer 2018 dates"
"881","things to do near me"
"882","outdoor dates during covid"
"883","outdoor movie theater"
"884","fun outdoor activities"
"885","outdoor activities near me"
"886","outdoor date ideas near me"
"887","outdoor quarantine dates"
"888","ice skating"
"889","outdoor retailer 2019 dates"
"890","great american outdoor show"
"891","outdoor adventures"
"892","outdoor dates during quarantine"
"893","fun outdoor activities near me"
"894","zodiac sign dates"
"895","zodiac signs dates"
"896","outdoor dates during covid"
"897","outdoor retailer 2019 dates"
"898","outdoor dates during quarantine"
"899","great american outdoor show 2019 dates"
"900","sagittarius dates"
"901","libra dates"
"902","outdoor quarantine dates"
"903","outdoor retailer 2018 dates"
"904","mini golf near me"
"905","ice skating near me"
"906","outdoor ice skating near me"
"907","pisces dates"
"908","taurus dates"
"909","aries dates"
"910","zodiac sign dates"
"911","gemini dates"
"912","things to do near me"
"913","zodiac signs dates"
"914","outdoor voices"
"915","outdoor activities near me"
"916","virgo dates"
"917","civil war dates"
"918","fun outdoor activities near me"
"919","outdoor date ideas near me"
"920","outdoor movies nyc"
